{"cameraMode":{"drawMode":0,"name":"Shaded","section":"Shading Mode"},"sceneLighting":true,"audioPlay":false,"sceneViewState":{"m_AlwaysRefresh":true,"showFog":true,"showSkybox":true,"showFlares":true,"showImageEffects":true,"showParticleSystems":true,"showVisualEffectGraphs":true,"m_FxEnabled":true},"in2DMode":false,"pivot":{"x":0.025770649313926698,"y":0.9974431395530701,"z":-24.40239143371582},"rotation":{"x":0.32114580273628237,"y":-0.5314193367958069,"z":0.22850164771080018,"w":0.7502607107162476},"size":1.2241978645324708,"orthographic":false}