{"cameraMode":{"drawMode":0,"name":"Shaded","section":"Shading Mode"},"sceneLighting":false,"audioPlay":false,"sceneViewState":{"m_AlwaysRefresh":true,"showFog":true,"showSkybox":false,"showFlares":true,"showImageEffects":true,"showParticleSystems":true,"showVisualEffectGraphs":true,"m_FxEnabled":true},"in2DMode":false,"pivot":{"x":0.020384788513183595,"y":0.6949958801269531,"z":0.06072998046875},"rotation":{"x":0.034185104072093967,"y":-0.016518617048859597,"z":0.0005145370378158987,"w":0.9993120431900024},"size":17.241268157958986,"orthographic":true}