{"cameraMode":{"drawMode":0,"name":"Shaded","section":"Shading Mode"},"sceneLighting":false,"audioPlay":false,"sceneViewState":{"m_AlwaysRefresh":true,"showFog":true,"showSkybox":false,"showFlares":true,"showImageEffects":true,"showParticleSystems":true,"showVisualEffectGraphs":true,"m_FxEnabled":true},"in2DMode":false,"pivot":{"x":0.00001811981201171875,"y":4.85432767868042,"z":-0.00001049041748046875},"rotation":{"x":0.041381776332855228,"y":-0.011718899011611939,"z":0.0004348016809672117,"w":0.9991074204444885},"size":14.962503433227539,"orthographic":true}